{"cameraMode":{"drawMode":0,"name":"Shaded","section":"Shading Mode"},"sceneLighting":true,"audioPlay":false,"sceneViewState":{"m_AlwaysRefresh":false,"showFog":true,"showSkybox":true,"showFlares":true,"showImageEffects":true,"showParticleSystems":true,"showVisualEffectGraphs":true,"m_FxEnabled":true},"in2DMode":false,"pivot":{"x":-1.9407479763031006,"y":2.2601969242095949,"z":2.009159803390503},"rotation":{"x":0.0038517850916832687,"y":0.9945196509361267,"z":-0.09727809578180313,"w":0.04028864949941635},"size":0.4561440944671631,"orthographic":false}